kind,state,ic_index,value
residual_rms,delta,0,0.05893879011273384
error_rms,delta,0,0.0018488387577235699
residual_rms,delta,1,0.056406740099191666
error_rms,delta,1,0.009244224056601524
residual_rms,delta,2,0.05302063375711441
error_rms,delta,2,0.008989700116217136
residual_rms,delta,3,0.05583207309246063
error_rms,delta,3,0.004238578956574202
residual_rms,delta,4,0.049905888736248016
error_rms,delta,4,0.006163124460726976
residual_rms,delta,5,0.06710271537303925
error_rms,delta,5,0.008360825479030609
residual_rms,delta,6,0.06685417890548706
error_rms,delta,6,0.0023145172744989395
residual_rms,delta,7,0.062472838908433914
error_rms,delta,7,0.003375452943146229
residual_rms,delta,8,0.06811483949422836
error_rms,delta,8,0.0021053962409496307
residual_rms,delta,9,0.04540807008743286
error_rms,delta,9,0.0047040944918990135
residual_rms,delta,10,0.06336630880832672
error_rms,delta,10,0.008171916007995605
residual_rms,delta,11,0.06888169050216675
error_rms,delta,11,0.00963596347719431
residual_rms,delta,12,0.05088182911276817
error_rms,delta,12,0.009330058470368385
residual_rms,delta,13,0.06734468042850494
error_rms,delta,13,0.008124420419335365
residual_rms,delta,14,0.045573558658361435
error_rms,delta,14,0.004638314712792635
residual_rms,delta,15,0.05097787082195282
error_rms,delta,15,0.00497827073559165
residual_rms,delta,16,0.059405457228422165
error_rms,delta,16,0.00606898870319128
residual_rms,delta,17,0.04732260853052139
error_rms,delta,17,0.006861782632768154
residual_rms,delta,18,0.06416715681552887
error_rms,delta,18,0.001816232455894351
residual_rms,delta,19,0.05022517591714859
error_rms,delta,19,0.0038729701191186905
residual_rms,delta,20,0.05204633250832558
error_rms,delta,20,0.005588396918028593
residual_rms,delta,21,0.07255866378545761
error_rms,delta,21,0.002303888089954853
residual_rms,delta,22,0.056704867631196976
error_rms,delta,22,0.002869250485673547
residual_rms,delta,23,0.06362355500459671
error_rms,delta,23,0.0034824353642761707
residual_rms,delta,24,0.05117473006248474
error_rms,delta,24,0.003296398092061281
residual_rms,delta,25,0.05367988348007202
error_rms,delta,25,0.008486040867865086
residual_rms,delta,26,0.05670573562383652
error_rms,delta,26,0.006810632534325123
residual_rms,delta,27,0.06200524419546127
error_rms,delta,27,0.0019032950513064861
residual_rms,delta,28,0.05225207656621933
error_rms,delta,28,0.00332525628618896
residual_rms,delta,29,0.06572375446557999
error_rms,delta,29,0.00259672524407506
residual_rms,delta,30,0.08633987605571747
error_rms,delta,30,0.0027468043845146894
residual_rms,delta,31,0.061712633818387985
error_rms,delta,31,0.006272535305470228
residual_rms,delta,32,0.06168819218873978
error_rms,delta,32,0.009328915737569332
residual_rms,delta,33,0.06487465649843216
error_rms,delta,33,0.00209687533788383
residual_rms,delta,34,0.048733148723840714
error_rms,delta,34,0.0036171693354845047
residual_rms,delta,35,0.08038271218538284
error_rms,delta,35,0.002350641880184412
residual_rms,delta,36,0.06686491519212723
error_rms,delta,36,0.00177729909773916
residual_rms,delta,37,0.07920639216899872
error_rms,delta,37,0.0023140416014939547
residual_rms,delta,38,0.052869848906993866
error_rms,delta,38,0.006491508800536394
residual_rms,delta,39,0.059595830738544464
error_rms,delta,39,0.010831169784069061
residual_rms,delta,40,0.05841055512428284
error_rms,delta,40,0.0035472530871629715
residual_rms,delta,41,0.04253712669014931
error_rms,delta,41,0.0065567223355174065
residual_rms,delta,42,0.05769902095198631
error_rms,delta,42,0.007153380662202835
residual_rms,delta,43,0.07565909624099731
error_rms,delta,43,0.0016636395594105124
residual_rms,delta,44,0.048346079885959625
error_rms,delta,44,0.008117634803056717
residual_rms,delta,45,0.06351155787706375
error_rms,delta,45,0.0022716657258570194
residual_rms,delta,46,0.0670151337981224
error_rms,delta,46,0.011480147950351238
residual_rms,delta,47,0.05463598668575287
error_rms,delta,47,0.005711181554943323
residual_rms,delta,48,0.04707327485084534
error_rms,delta,48,0.010260515846312046
residual_rms,delta,49,0.056730952113866806
error_rms,delta,49,0.005352263804525137
residual_rms,delta,50,0.050175849348306656
error_rms,delta,50,0.01042128074914217
residual_rms,delta,51,0.052815183997154236
error_rms,delta,51,0.005518367048352957
residual_rms,delta,52,0.05842455476522446
error_rms,delta,52,0.007966010831296444
residual_rms,delta,53,0.05736491084098816
error_rms,delta,53,0.0026419712230563164
residual_rms,delta,54,0.060977037996053696
error_rms,delta,54,0.002818434266373515
residual_rms,delta,55,0.050788916647434235
error_rms,delta,55,0.006147725973278284
residual_rms,delta,56,0.04842543601989746
error_rms,delta,56,0.007862262427806854
residual_rms,delta,57,0.05327257513999939
error_rms,delta,57,0.009115451946854591
residual_rms,delta,58,0.06347563862800598
error_rms,delta,58,0.0036592138931155205
residual_rms,delta,59,0.06649347394704819
error_rms,delta,59,0.011179923079907894
residual_rms,delta,60,0.075058214366436
error_rms,delta,60,0.012407949194312096
residual_rms,delta,61,0.06595873087644577
error_rms,delta,61,0.001990947872400284
residual_rms,delta,62,0.06256932020187378
error_rms,delta,62,0.0036162224132567644
residual_rms,delta,63,0.05322612076997757
error_rms,delta,63,0.002960739890113473
residual_rms,delta,64,0.059157416224479675
error_rms,delta,64,0.006078730337321758
residual_rms,delta,65,0.06439313292503357
error_rms,delta,65,0.002749905688688159
residual_rms,delta,66,0.06192181259393692
error_rms,delta,66,0.0036014604847878218
residual_rms,delta,67,0.05692523717880249
error_rms,delta,67,0.007226606830954552
residual_rms,delta,68,0.05028911307454109
error_rms,delta,68,0.004384536296129227
residual_rms,delta,69,0.06371712684631348
error_rms,delta,69,0.012755013071000576
residual_rms,delta,70,0.057585250586271286
error_rms,delta,70,0.005901798140257597
residual_rms,delta,71,0.04518570378422737
error_rms,delta,71,0.0075348298996686935
residual_rms,delta,72,0.07043521851301193
error_rms,delta,72,0.012357423081994057
residual_rms,delta,73,0.04879161715507507
error_rms,delta,73,0.006338854320347309
residual_rms,delta,74,0.046124935150146484
error_rms,delta,74,0.007365566212683916
residual_rms,delta,75,0.06444679945707321
error_rms,delta,75,0.0074577005580067635
residual_rms,delta,76,0.053657397627830505
error_rms,delta,76,0.0035647633485496044
residual_rms,delta,77,0.06266043335199356
error_rms,delta,77,0.0028364923782646656
residual_rms,delta,78,0.07006458193063736
error_rms,delta,78,0.0016330978833138943
residual_rms,delta,79,0.058623768389225006
error_rms,delta,79,0.004691494628787041
residual_rms,delta,80,0.05487025901675224
error_rms,delta,80,0.006138807628303766
residual_rms,delta,81,0.06005976349115372
error_rms,delta,81,0.0020305390935391188
residual_rms,delta,82,0.05625016242265701
error_rms,delta,82,0.0019854195415973663
residual_rms,delta,83,0.0744120329618454
error_rms,delta,83,0.0015342800179496408
residual_rms,delta,84,0.05941914767026901
error_rms,delta,84,0.007356265094131231
residual_rms,delta,85,0.06439008563756943
error_rms,delta,85,0.002290469827130437
residual_rms,delta,86,0.04343588277697563
error_rms,delta,86,0.0076255775056779385
residual_rms,delta,87,0.06528136879205704
error_rms,delta,87,0.0017811704892665148
residual_rms,delta,88,0.06248442828655243
error_rms,delta,88,0.008167000487446785
residual_rms,delta,89,0.049669574946165085
error_rms,delta,89,0.007048307452350855
residual_rms,delta,90,0.06288588792085648
error_rms,delta,90,0.0044683064334094524
residual_rms,delta,91,0.05871063843369484
error_rms,delta,91,0.006256666965782642
residual_rms,delta,92,0.07288163900375366
error_rms,delta,92,0.0017060055397450924
residual_rms,delta,93,0.05848854407668114
error_rms,delta,93,0.002824734430760145
residual_rms,delta,94,0.06428132206201553
error_rms,delta,94,0.0025919058825820684
residual_rms,delta,95,0.05407523736357689
error_rms,delta,95,0.0067336116917431355
residual_rms,delta,96,0.05388101935386658
error_rms,delta,96,0.005305853206664324
residual_rms,delta,97,0.06196336820721626
error_rms,delta,97,0.002786108758300543
residual_rms,delta,98,0.0637967586517334
error_rms,delta,98,0.0075771743431687355
residual_rms,delta,99,0.07158339768648148
error_rms,delta,99,0.011870990507304668
residual_rms,omega,0,0.39064791798591614
error_rms,omega,0,0.00804432388395071
residual_rms,omega,1,0.5545856356620789
error_rms,omega,1,0.012738986872136593
residual_rms,omega,2,0.31971362233161926
error_rms,omega,2,0.004172602202743292
residual_rms,omega,3,0.3382084369659424
error_rms,omega,3,0.004910705145448446
residual_rms,omega,4,0.22547118365764618
error_rms,omega,4,0.004510986618697643
residual_rms,omega,5,0.6946173906326294
error_rms,omega,5,0.015363410115242004
residual_rms,omega,6,0.5467714071273804
error_rms,omega,6,0.006017905194312334
residual_rms,omega,7,0.43366217613220215
error_rms,omega,7,0.005784403998404741
residual_rms,omega,8,0.11212286353111267
error_rms,omega,8,0.0008909499156288803
residual_rms,omega,9,0.48679304122924805
error_rms,omega,9,0.007067491766065359
residual_rms,omega,10,0.419465571641922
error_rms,omega,10,0.010116628371179104
residual_rms,omega,11,0.4168611168861389
error_rms,omega,11,0.011393004097044468
residual_rms,omega,12,0.21400906145572662
error_rms,omega,12,0.00657147541642189
residual_rms,omega,13,0.3940750062465668
error_rms,omega,13,0.00994057860225439
residual_rms,omega,14,0.5167825818061829
error_rms,omega,14,0.007351535838097334
residual_rms,omega,15,0.12474318593740463
error_rms,omega,15,0.0025702277198433876
residual_rms,omega,16,0.23716631531715393
error_rms,omega,16,0.005632234737277031
residual_rms,omega,17,0.7728330492973328
error_rms,omega,17,0.013646086677908897
residual_rms,omega,18,0.09245175123214722
error_rms,omega,18,0.003020059084519744
residual_rms,omega,19,0.32409557700157166
error_rms,omega,19,0.004896397236734629
residual_rms,omega,20,0.8098164796829224
error_rms,omega,20,0.012752048671245575
residual_rms,omega,21,0.9160766005516052
error_rms,omega,21,0.011523522436618805
residual_rms,omega,22,0.3126400411128998
error_rms,omega,22,0.002924405736848712
residual_rms,omega,23,0.31153279542922974
error_rms,omega,23,0.004298795480281115
residual_rms,omega,24,0.2563015818595886
error_rms,omega,24,0.005002991296350956
residual_rms,omega,25,0.20178599655628204
error_rms,omega,25,0.005267775617539883
residual_rms,omega,26,0.15015612542629242
error_rms,omega,26,0.004810893442481756
residual_rms,omega,27,0.7748543620109558
error_rms,omega,27,0.007745412643998861
residual_rms,omega,28,0.3041951358318329
error_rms,omega,28,0.004911655094474554
residual_rms,omega,29,0.3830968141555786
error_rms,omega,29,0.004126838408410549
residual_rms,omega,30,0.2974100112915039
error_rms,omega,30,0.0018154553836211562
residual_rms,omega,31,0.2277386486530304
error_rms,omega,31,0.0057045635767281055
residual_rms,omega,32,0.20224542915821075
error_rms,omega,32,0.005214524455368519
residual_rms,omega,33,0.44219672679901123
error_rms,omega,33,0.0038617479149252176
residual_rms,omega,34,0.4734937846660614
error_rms,omega,34,0.0071302070282399654
residual_rms,omega,35,0.34826409816741943
error_rms,omega,35,0.000985110062174499
residual_rms,omega,36,0.63950115442276
error_rms,omega,36,0.004473743494600058
residual_rms,omega,37,0.8662368059158325
error_rms,omega,37,0.006756609305739403
residual_rms,omega,38,0.7061059474945068
error_rms,omega,38,0.00829392671585083
residual_rms,omega,39,0.45183607935905457
error_rms,omega,39,0.004778907168656588
residual_rms,omega,40,0.6738381385803223
error_rms,omega,40,0.008276988752186298
residual_rms,omega,41,0.8139689564704895
error_rms,omega,41,0.012927784584462643
residual_rms,omega,42,0.1484694480895996
error_rms,omega,42,0.0050771236419677734
residual_rms,omega,43,0.6363857984542847
error_rms,omega,43,0.005130917299538851
residual_rms,omega,44,0.36192750930786133
error_rms,omega,44,0.004340765997767448
residual_rms,omega,45,0.21793942153453827
error_rms,omega,45,0.0014185212785378098
residual_rms,omega,46,0.30788230895996094
error_rms,omega,46,0.011043141596019268
residual_rms,omega,47,0.847762405872345
error_rms,omega,47,0.013751120306551456
residual_rms,omega,48,0.2910405099391937
error_rms,omega,48,0.009032746776938438
residual_rms,omega,49,0.5004582405090332
error_rms,omega,49,0.00855256151407957
residual_rms,omega,50,0.319674015045166
error_rms,omega,50,0.004089074209332466
residual_rms,omega,51,0.22958730161190033
error_rms,omega,51,0.004385789856314659
residual_rms,omega,52,0.6075349450111389
error_rms,omega,52,0.006237910594791174
residual_rms,omega,53,0.46979227662086487
error_rms,omega,53,0.004780355375260115
residual_rms,omega,54,0.6223764419555664
error_rms,omega,54,0.006548520643264055
residual_rms,omega,55,0.14169713854789734
error_rms,omega,55,0.0028736332897096872
residual_rms,omega,56,0.25099533796310425
error_rms,omega,56,0.0035072113387286663
residual_rms,omega,57,0.4637552499771118
error_rms,omega,57,0.004649321082979441
residual_rms,omega,58,0.6021247506141663
error_rms,omega,58,0.00865454412996769
residual_rms,omega,59,0.4064737856388092
error_rms,omega,59,0.0129176564514637
residual_rms,omega,60,0.2977968156337738
error_rms,omega,60,0.007044825702905655
residual_rms,omega,61,0.7704195976257324
error_rms,omega,61,0.007826138287782669
residual_rms,omega,62,0.6494773626327515
error_rms,omega,62,0.00920864474028349
residual_rms,omega,63,0.15350566804409027
error_rms,omega,63,0.0035205043386667967
residual_rms,omega,64,0.9711543321609497
error_rms,omega,64,0.017414912581443787
residual_rms,omega,65,0.39721164107322693
error_rms,omega,65,0.004537282511591911
residual_rms,omega,66,0.480641633272171
error_rms,omega,66,0.006704649422317743
residual_rms,omega,67,0.8891754150390625
error_rms,omega,67,0.016987061128020287
residual_rms,omega,68,0.9122105240821838
error_rms,omega,68,0.012947781942784786
residual_rms,omega,69,0.5572829246520996
error_rms,omega,69,0.004906331188976765
residual_rms,omega,70,0.21958325803279877
error_rms,omega,70,0.0055753993801772594
residual_rms,omega,71,0.1582387536764145
error_rms,omega,71,0.004654759541153908
residual_rms,omega,72,0.25609785318374634
error_rms,omega,72,0.01019587554037571
residual_rms,omega,73,0.20099979639053345
error_rms,omega,73,0.0030136017594486475
residual_rms,omega,74,0.16895414888858795
error_rms,omega,74,0.003863388439640403
residual_rms,omega,75,0.40863683819770813
error_rms,omega,75,0.009813864715397358
residual_rms,omega,76,0.15060356259346008
error_rms,omega,76,0.0019970813300460577
residual_rms,omega,77,1.2340832948684692
error_rms,omega,77,0.01724637672305107
residual_rms,omega,78,0.14675982296466827
error_rms,omega,78,0.0024620292242616415
residual_rms,omega,79,0.41658493876457214
error_rms,omega,79,0.006846764590591192
residual_rms,omega,80,0.4701099991798401
error_rms,omega,80,0.008499722927808762
residual_rms,omega,81,0.8571678996086121
error_rms,omega,81,0.008663281798362732
residual_rms,omega,82,0.5289085507392883
error_rms,omega,82,0.009302743710577488
residual_rms,omega,83,0.3196704387664795
error_rms,omega,83,0.0012295121559873223
residual_rms,omega,84,0.3935687839984894
error_rms,omega,84,0.003853391157463193
residual_rms,omega,85,0.06694676727056503
error_rms,omega,85,0.0026911308523267508
residual_rms,omega,86,0.3249066174030304
error_rms,omega,86,0.007047279272228479
residual_rms,omega,87,0.24445602297782898
error_rms,omega,87,0.005264959763735533
residual_rms,omega,88,0.6082951426506042
error_rms,omega,88,0.014261635020375252
residual_rms,omega,89,0.14968867599964142
error_rms,omega,89,0.004380102269351482
residual_rms,omega,90,0.8369178175926208
error_rms,omega,90,0.013020044192671776
residual_rms,omega,91,0.30900561809539795
error_rms,omega,91,0.006962898187339306
residual_rms,omega,92,0.43522030115127563
error_rms,omega,92,0.003460499458014965
residual_rms,omega,93,0.7254028916358948
error_rms,omega,93,0.00831837672740221
residual_rms,omega,94,0.33025434613227844
error_rms,omega,94,0.0033710214775055647
residual_rms,omega,95,0.15780530869960785
error_rms,omega,95,0.003449470503255725
residual_rms,omega,96,0.22464804351329803
error_rms,omega,96,0.004073033109307289
residual_rms,omega,97,0.05700477585196495
error_rms,omega,97,0.0020397768821567297
residual_rms,omega,98,0.7595183849334717
error_rms,omega,98,0.014957117848098278
residual_rms,omega,99,0.2342463582754135
error_rms,omega,99,0.00965707004070282
residual_rms,E_d_dash,0,0.028351735323667526
error_rms,E_d_dash,0,0.0045624831691384315
residual_rms,E_d_dash,1,0.043717723339796066
error_rms,E_d_dash,1,0.0026170648634433746
residual_rms,E_d_dash,2,0.029297126457095146
error_rms,E_d_dash,2,0.002025140915066004
residual_rms,E_d_dash,3,0.04471787065267563
error_rms,E_d_dash,3,0.0042743864469230175
residual_rms,E_d_dash,4,0.03402522951364517
error_rms,E_d_dash,4,0.003938259091228247
residual_rms,E_d_dash,5,0.05183346942067146
error_rms,E_d_dash,5,0.0028312578797340393
residual_rms,E_d_dash,6,0.055758193135261536
error_rms,E_d_dash,6,0.005295980721712112
residual_rms,E_d_dash,7,0.05092605575919151
error_rms,E_d_dash,7,0.004615684039890766
residual_rms,E_d_dash,8,0.0385022796690464
error_rms,E_d_dash,8,0.004635822493582964
residual_rms,E_d_dash,9,0.02633524499833584
error_rms,E_d_dash,9,0.0035104562994092703
residual_rms,E_d_dash,10,0.04235914722084999
error_rms,E_d_dash,10,0.0027520793955773115
residual_rms,E_d_dash,11,0.03972325846552849
error_rms,E_d_dash,11,0.0022846939973533154
residual_rms,E_d_dash,12,0.03929384797811508
error_rms,E_d_dash,12,0.002582910005003214
residual_rms,E_d_dash,13,0.04285404831171036
error_rms,E_d_dash,13,0.002710397355258465
residual_rms,E_d_dash,14,0.02702282927930355
error_rms,E_d_dash,14,0.003478473285213113
residual_rms,E_d_dash,15,0.029947439208626747
error_rms,E_d_dash,15,0.0037851419765502214
residual_rms,E_d_dash,16,0.04011400043964386
error_rms,E_d_dash,16,0.003192260628566146
residual_rms,E_d_dash,17,0.04943815991282463
error_rms,E_d_dash,17,0.0035246277693659067
residual_rms,E_d_dash,18,0.03614825755357742
error_rms,E_d_dash,18,0.0054535409435629845
residual_rms,E_d_dash,19,0.028848161920905113
error_rms,E_d_dash,19,0.0034826924093067646
residual_rms,E_d_dash,20,0.0494978129863739
error_rms,E_d_dash,20,0.00402770284563303
residual_rms,E_d_dash,21,0.0669468492269516
error_rms,E_d_dash,21,0.005698340479284525
residual_rms,E_d_dash,22,0.04479854181408882
error_rms,E_d_dash,22,0.005067140329629183
residual_rms,E_d_dash,23,0.043163739144802094
error_rms,E_d_dash,23,0.0043138545006513596
residual_rms,E_d_dash,24,0.02980700694024563
error_rms,E_d_dash,24,0.004445959348231554
residual_rms,E_d_dash,25,0.03895598277449608
error_rms,E_d_dash,25,0.002712980844080448
residual_rms,E_d_dash,26,0.03311573341488838
error_rms,E_d_dash,26,0.002783961361274123
residual_rms,E_d_dash,27,0.054500512778759
error_rms,E_d_dash,27,0.005827026907354593
residual_rms,E_d_dash,28,0.028965016826987267
error_rms,E_d_dash,28,0.0035365417134016752
residual_rms,E_d_dash,29,0.04770614579319954
error_rms,E_d_dash,29,0.004983246326446533
residual_rms,E_d_dash,30,0.05264177918434143
error_rms,E_d_dash,30,0.006748054642230272
residual_rms,E_d_dash,31,0.04062265530228615
error_rms,E_d_dash,31,0.003085256787016988
residual_rms,E_d_dash,32,0.03197416663169861
error_rms,E_d_dash,32,0.0018969555385410786
residual_rms,E_d_dash,33,0.05186054855585098
error_rms,E_d_dash,33,0.005394571926444769
residual_rms,E_d_dash,34,0.024536989629268646
error_rms,E_d_dash,34,0.0031243902631103992
residual_rms,E_d_dash,35,0.05117484927177429
error_rms,E_d_dash,35,0.006642860826104879
residual_rms,E_d_dash,36,0.05240614712238312
error_rms,E_d_dash,36,0.006378479301929474
residual_rms,E_d_dash,37,0.06294633448123932
error_rms,E_d_dash,37,0.0068896254524588585
residual_rms,E_d_dash,38,0.020808668807148933
error_rms,E_d_dash,38,0.001500148675404489
residual_rms,E_d_dash,39,0.028909599408507347
error_rms,E_d_dash,39,0.0012611408019438386
residual_rms,E_d_dash,40,0.04686659201979637
error_rms,E_d_dash,40,0.005063444375991821
residual_rms,E_d_dash,41,0.047228045761585236
error_rms,E_d_dash,41,0.004161493852734566
residual_rms,E_d_dash,42,0.03231494501233101
error_rms,E_d_dash,42,0.0026545848231762648
residual_rms,E_d_dash,43,0.05793924629688263
error_rms,E_d_dash,43,0.006250728387385607
residual_rms,E_d_dash,44,0.02846197970211506
error_rms,E_d_dash,44,0.0024332660250365734
residual_rms,E_d_dash,45,0.042708758264780045
error_rms,E_d_dash,45,0.004995372612029314
residual_rms,E_d_dash,46,0.040724676102399826
error_rms,E_d_dash,46,0.0018825959414243698
residual_rms,E_d_dash,47,0.05124586448073387
error_rms,E_d_dash,47,0.0038740162272006273
residual_rms,E_d_dash,48,0.03919146955013275
error_rms,E_d_dash,48,0.002461332129314542
residual_rms,E_d_dash,49,0.04764188826084137
error_rms,E_d_dash,49,0.0038339465390890837
residual_rms,E_d_dash,50,0.034705158323049545
error_rms,E_d_dash,50,0.002213274361565709
residual_rms,E_d_dash,51,0.04064425453543663
error_rms,E_d_dash,51,0.0037662703543901443
residual_rms,E_d_dash,52,0.023375462740659714
error_rms,E_d_dash,52,0.0014158195117488503
residual_rms,E_d_dash,53,0.0479760617017746
error_rms,E_d_dash,53,0.005208876915276051
residual_rms,E_d_dash,54,0.045682642608881
error_rms,E_d_dash,54,0.005459776148200035
residual_rms,E_d_dash,55,0.03079010732471943
error_rms,E_d_dash,55,0.003110238816589117
residual_rms,E_d_dash,56,0.03399938344955444
error_rms,E_d_dash,56,0.002937443321570754
residual_rms,E_d_dash,57,0.028270158916711807
error_rms,E_d_dash,57,0.0018543894402682781
residual_rms,E_d_dash,58,0.05519877374172211
error_rms,E_d_dash,58,0.004590146243572235
residual_rms,E_d_dash,59,0.04550877586007118
error_rms,E_d_dash,59,0.002145447302609682
residual_rms,E_d_dash,60,0.03284495323896408
error_rms,E_d_dash,60,0.0013544808607548475
residual_rms,E_d_dash,61,0.053407687693834305
error_rms,E_d_dash,61,0.005902985110878944
residual_rms,E_d_dash,62,0.055328890681266785
error_rms,E_d_dash,62,0.004616111516952515
residual_rms,E_d_dash,63,0.033291641622781754
error_rms,E_d_dash,63,0.004672368057072163
residual_rms,E_d_dash,64,0.05743949115276337
error_rms,E_d_dash,64,0.003376562613993883
residual_rms,E_d_dash,65,0.05048375204205513
error_rms,E_d_dash,65,0.004918928723782301
residual_rms,E_d_dash,66,0.050461847335100174
error_rms,E_d_dash,66,0.0046147434040904045
residual_rms,E_d_dash,67,0.05432317405939102
error_rms,E_d_dash,67,0.003089718986302614
residual_rms,E_d_dash,68,0.05176936835050583
error_rms,E_d_dash,68,0.004511717706918716
residual_rms,E_d_dash,69,0.03055010922253132
error_rms,E_d_dash,69,0.0009343833662569523
residual_rms,E_d_dash,70,0.03547421097755432
error_rms,E_d_dash,70,0.0028879560995846987
residual_rms,E_d_dash,71,0.03376850113272667
error_rms,E_d_dash,71,0.0035317675210535526
residual_rms,E_d_dash,72,0.03865896537899971
error_rms,E_d_dash,72,0.0017006160924211144
residual_rms,E_d_dash,73,0.03563470020890236
error_rms,E_d_dash,73,0.0035416861064732075
residual_rms,E_d_dash,74,0.035087261348962784
error_rms,E_d_dash,74,0.003286027116701007
residual_rms,E_d_dash,75,0.048173096030950546
error_rms,E_d_dash,75,0.0028180195949971676
residual_rms,E_d_dash,76,0.03915228694677353
error_rms,E_d_dash,76,0.0045411414466798306
residual_rms,E_d_dash,77,0.06544113904237747
error_rms,E_d_dash,77,0.004777504596859217
residual_rms,E_d_dash,78,0.040300607681274414
error_rms,E_d_dash,78,0.005903004668653011
residual_rms,E_d_dash,79,0.04607776179909706
error_rms,E_d_dash,79,0.0040547847747802734
residual_rms,E_d_dash,80,0.04321693256497383
error_rms,E_d_dash,80,0.003667011857032776
residual_rms,E_d_dash,81,0.05186871439218521
error_rms,E_d_dash,81,0.005977823864668608
residual_rms,E_d_dash,82,0.02466011233627796
error_rms,E_d_dash,82,0.003528935369104147
residual_rms,E_d_dash,83,0.04776228964328766
error_rms,E_d_dash,83,0.005839597433805466
residual_rms,E_d_dash,84,0.02481570467352867
error_rms,E_d_dash,84,0.001670632977038622
residual_rms,E_d_dash,85,0.03180167078971863
error_rms,E_d_dash,85,0.004530122969299555
residual_rms,E_d_dash,86,0.03938682749867439
error_rms,E_d_dash,86,0.003627099795266986
residual_rms,E_d_dash,87,0.031213369220495224
error_rms,E_d_dash,87,0.004070860333740711
residual_rms,E_d_dash,88,0.05315760523080826
error_rms,E_d_dash,88,0.0027261499781161547
residual_rms,E_d_dash,89,0.03248289227485657
error_rms,E_d_dash,89,0.003439446911215782
residual_rms,E_d_dash,90,0.057639069855213165
error_rms,E_d_dash,90,0.004308243747800589
residual_rms,E_d_dash,91,0.040189795196056366
error_rms,E_d_dash,91,0.0031829397194087505
residual_rms,E_d_dash,92,0.05221493914723396
error_rms,E_d_dash,92,0.0056660836562514305
residual_rms,E_d_dash,93,0.05066296085715294
error_rms,E_d_dash,93,0.005357095506042242
residual_rms,E_d_dash,94,0.048865750432014465
error_rms,E_d_dash,94,0.004926388151943684
residual_rms,E_d_dash,95,0.033730898052453995
error_rms,E_d_dash,95,0.0029018179047852755
residual_rms,E_d_dash,96,0.04191224277019501
error_rms,E_d_dash,96,0.003841135883703828
residual_rms,E_d_dash,97,0.03136120364069939
error_rms,E_d_dash,97,0.004536575172096491
residual_rms,E_d_dash,98,0.05084390938282013
error_rms,E_d_dash,98,0.0031203192193061113
residual_rms,E_d_dash,99,0.03644014149904251
error_rms,E_d_dash,99,0.001627275487408042
residual_rms,E_q_dash,0,0.03452425077557564
error_rms,E_q_dash,0,0.003707557450979948
residual_rms,E_q_dash,1,0.06849294155836105
error_rms,E_q_dash,1,0.003421853529289365
residual_rms,E_q_dash,2,0.0471835620701313
error_rms,E_q_dash,2,0.002958916127681732
residual_rms,E_q_dash,3,0.05260275676846504
error_rms,E_q_dash,3,0.0032265628688037395
residual_rms,E_q_dash,4,0.038786232471466064
error_rms,E_q_dash,4,0.005765540525317192
residual_rms,E_q_dash,5,0.0903925895690918
error_rms,E_q_dash,5,0.00399384880438447
residual_rms,E_q_dash,6,0.04015772044658661
error_rms,E_q_dash,6,0.002149800304323435
residual_rms,E_q_dash,7,0.04522518813610077
error_rms,E_q_dash,7,0.0020658564753830433
residual_rms,E_q_dash,8,0.04535558074712753
error_rms,E_q_dash,8,0.002773299114778638
residual_rms,E_q_dash,9,0.02681276574730873
error_rms,E_q_dash,9,0.004152745474129915
residual_rms,E_q_dash,10,0.06146882101893425
error_rms,E_q_dash,10,0.002913281787186861
residual_rms,E_q_dash,11,0.05718502402305603
error_rms,E_q_dash,11,0.0027483711019158363
residual_rms,E_q_dash,12,0.08501371741294861
error_rms,E_q_dash,12,0.0038192830979824066
residual_rms,E_q_dash,13,0.06367044150829315
error_rms,E_q_dash,13,0.00286480993963778
residual_rms,E_q_dash,14,0.030417144298553467
error_rms,E_q_dash,14,0.0031663246918469667
residual_rms,E_q_dash,15,0.03395020589232445
error_rms,E_q_dash,15,0.004925417248159647
residual_rms,E_q_dash,16,0.04606718197464943
error_rms,E_q_dash,16,0.0018559482414275408
residual_rms,E_q_dash,17,0.07390816509723663
error_rms,E_q_dash,17,0.0037870798259973526
residual_rms,E_q_dash,18,0.04226507619023323
error_rms,E_q_dash,18,0.0051460424438118935
residual_rms,E_q_dash,19,0.027927124872803688
error_rms,E_q_dash,19,0.0018292511813342571
residual_rms,E_q_dash,20,0.054781462997198105
error_rms,E_q_dash,20,0.0040441290475428104
residual_rms,E_q_dash,21,0.04032277315855026
error_rms,E_q_dash,21,0.002061442006379366
residual_rms,E_q_dash,22,0.05028006061911583
error_rms,E_q_dash,22,0.004030810669064522
residual_rms,E_q_dash,23,0.03902150318026543
error_rms,E_q_dash,23,0.0019594819750636816
residual_rms,E_q_dash,24,0.03145545348525047
error_rms,E_q_dash,24,0.004856245592236519
residual_rms,E_q_dash,25,0.08910515904426575
error_rms,E_q_dash,25,0.004208929371088743
residual_rms,E_q_dash,26,0.031561482697725296
error_rms,E_q_dash,26,0.002197384601458907
residual_rms,E_q_dash,27,0.0382804274559021
error_rms,E_q_dash,27,0.00455081183463335
residual_rms,E_q_dash,28,0.026703236624598503
error_rms,E_q_dash,28,0.0012176865711808205
residual_rms,E_q_dash,29,0.03672017529606819
error_rms,E_q_dash,29,0.0022536085452884436
residual_rms,E_q_dash,30,0.03993958607316017
error_rms,E_q_dash,30,0.0037792774382978678
residual_rms,E_q_dash,31,0.05395789444446564
error_rms,E_q_dash,31,0.0023592174984514713
residual_rms,E_q_dash,32,0.0619785338640213
error_rms,E_q_dash,32,0.0029149488545954227
residual_rms,E_q_dash,33,0.0427236370742321
error_rms,E_q_dash,33,0.003030103864148259
residual_rms,E_q_dash,34,0.024215659126639366
error_rms,E_q_dash,34,0.0017151605570688844
residual_rms,E_q_dash,35,0.038430355489254
error_rms,E_q_dash,35,0.0043086158111691475
residual_rms,E_q_dash,36,0.035561930388212204
error_rms,E_q_dash,36,0.005156052764505148
residual_rms,E_q_dash,37,0.04166959226131439
error_rms,E_q_dash,37,0.0047174375504255295
residual_rms,E_q_dash,38,0.03083488531410694
error_rms,E_q_dash,38,0.001365029369480908
residual_rms,E_q_dash,39,0.061716433614492416
error_rms,E_q_dash,39,0.002863534726202488
residual_rms,E_q_dash,40,0.03951035067439079
error_rms,E_q_dash,40,0.0050069005228579044
residual_rms,E_q_dash,41,0.06282955408096313
error_rms,E_q_dash,41,0.004821677226573229
residual_rms,E_q_dash,42,0.031002504751086235
error_rms,E_q_dash,42,0.0024343819823116064
residual_rms,E_q_dash,43,0.0397498644888401
error_rms,E_q_dash,43,0.0035429394338279963
residual_rms,E_q_dash,44,0.036215733736753464
error_rms,E_q_dash,44,0.0037838721182197332
residual_rms,E_q_dash,45,0.034048955887556076
error_rms,E_q_dash,45,0.002693610731512308
residual_rms,E_q_dash,46,0.09485691785812378
error_rms,E_q_dash,46,0.004112585913389921
residual_rms,E_q_dash,47,0.05823548883199692
error_rms,E_q_dash,47,0.003738739527761936
residual_rms,E_q_dash,48,0.06989117711782455
error_rms,E_q_dash,48,0.003504856489598751
residual_rms,E_q_dash,49,0.06406473368406296
error_rms,E_q_dash,49,0.0034011558163911104
residual_rms,E_q_dash,50,0.08399581909179688
error_rms,E_q_dash,50,0.0037794983945786953
residual_rms,E_q_dash,51,0.05928689241409302
error_rms,E_q_dash,51,0.003404029877856374
residual_rms,E_q_dash,52,0.04722746089100838
error_rms,E_q_dash,52,0.0022597373463213444
residual_rms,E_q_dash,53,0.050968609750270844
error_rms,E_q_dash,53,0.004172618966549635
residual_rms,E_q_dash,54,0.044786494225263596
error_rms,E_q_dash,54,0.005718043074011803
residual_rms,E_q_dash,55,0.03091496042907238
error_rms,E_q_dash,55,0.0031681254040449858
residual_rms,E_q_dash,56,0.06547185033559799
error_rms,E_q_dash,56,0.0034829971846193075
residual_rms,E_q_dash,57,0.05535968393087387
error_rms,E_q_dash,57,0.0028858021833002567
residual_rms,E_q_dash,58,0.05002155154943466
error_rms,E_q_dash,58,0.0023399980273097754
residual_rms,E_q_dash,59,0.1099090427160263
error_rms,E_q_dash,59,0.004923942033201456
residual_rms,E_q_dash,60,0.09455597400665283
error_rms,E_q_dash,60,0.004496084526181221
residual_rms,E_q_dash,61,0.04276106134057045
error_rms,E_q_dash,61,0.0050033088773489
residual_rms,E_q_dash,62,0.050969015806913376
error_rms,E_q_dash,62,0.0026409514248371124
residual_rms,E_q_dash,63,0.02910507842898369
error_rms,E_q_dash,63,0.004200139548629522
residual_rms,E_q_dash,64,0.08698107302188873
error_rms,E_q_dash,64,0.003850822802633047
residual_rms,E_q_dash,65,0.037000443786382675
error_rms,E_q_dash,65,0.0016185962595045567
residual_rms,E_q_dash,66,0.03564821556210518
error_rms,E_q_dash,66,0.001558436662890017
residual_rms,E_q_dash,67,0.08726676553487778
error_rms,E_q_dash,67,0.0037490003742277622
residual_rms,E_q_dash,68,0.056648846715688705
error_rms,E_q_dash,68,0.004380035679787397
residual_rms,E_q_dash,69,0.0832524448633194
error_rms,E_q_dash,69,0.003609271952882409
residual_rms,E_q_dash,70,0.03067280724644661
error_rms,E_q_dash,70,0.0009513273253105581
residual_rms,E_q_dash,71,0.041403185576200485
error_rms,E_q_dash,71,0.0053781247697770596
residual_rms,E_q_dash,72,0.09978563338518143
error_rms,E_q_dash,72,0.004441914614289999
residual_rms,E_q_dash,73,0.061419080942869186
error_rms,E_q_dash,73,0.0035926562268286943
residual_rms,E_q_dash,74,0.053454283624887466
error_rms,E_q_dash,74,0.003592156106606126
residual_rms,E_q_dash,75,0.1052582785487175
error_rms,E_q_dash,75,0.005173529032617807
residual_rms,E_q_dash,76,0.0411066859960556
error_rms,E_q_dash,76,0.003391510108485818
residual_rms,E_q_dash,77,0.0593244805932045
error_rms,E_q_dash,77,0.0035020478535443544
residual_rms,E_q_dash,78,0.04302482306957245
error_rms,E_q_dash,78,0.005011868663132191
residual_rms,E_q_dash,79,0.03649022802710533
error_rms,E_q_dash,79,0.0016875131987035275
residual_rms,E_q_dash,80,0.046109139919281006
error_rms,E_q_dash,80,0.0032935556955635548
residual_rms,E_q_dash,81,0.039690885692834854
error_rms,E_q_dash,81,0.0058336807414889336
residual_rms,E_q_dash,82,0.030315199866890907
error_rms,E_q_dash,82,0.001244432758539915
residual_rms,E_q_dash,83,0.04298747703433037
error_rms,E_q_dash,83,0.0036089583300054073
residual_rms,E_q_dash,84,0.04502647742629051
error_rms,E_q_dash,84,0.0020268524531275034
residual_rms,E_q_dash,85,0.05210983380675316
error_rms,E_q_dash,85,0.004532438702881336
residual_rms,E_q_dash,86,0.05485184118151665
error_rms,E_q_dash,86,0.004285901784896851
residual_rms,E_q_dash,87,0.039163000881671906
error_rms,E_q_dash,87,0.0017670646775513887
residual_rms,E_q_dash,88,0.11660601943731308
error_rms,E_q_dash,88,0.005458713974803686
residual_rms,E_q_dash,89,0.0376475527882576
error_rms,E_q_dash,89,0.005326918791979551
residual_rms,E_q_dash,90,0.05500907078385353
error_rms,E_q_dash,90,0.0028460086323320866
residual_rms,E_q_dash,91,0.03488735854625702
error_rms,E_q_dash,91,0.0011089887702837586
residual_rms,E_q_dash,92,0.039038997143507004
error_rms,E_q_dash,92,0.0026349013205617666
residual_rms,E_q_dash,93,0.036598678678274155
error_rms,E_q_dash,93,0.004589896649122238
residual_rms,E_q_dash,94,0.03706028312444687
error_rms,E_q_dash,94,0.001682827714830637
residual_rms,E_q_dash,95,0.049640387296676636
error_rms,E_q_dash,95,0.00267310393974185
residual_rms,E_q_dash,96,0.07123096287250519
error_rms,E_q_dash,96,0.003819933393970132
residual_rms,E_q_dash,97,0.05216335877776146
error_rms,E_q_dash,97,0.005289646331220865
residual_rms,E_q_dash,98,0.06953354924917221
error_rms,E_q_dash,98,0.0032721904572099447
residual_rms,E_q_dash,99,0.08441581577062607
error_rms,E_q_dash,99,0.003661829512566328
residual_rms,E_d_dd,0,0.1559666246175766
error_rms,E_d_dd,0,0.010565526783466339
residual_rms,E_d_dd,1,0.23320181667804718
error_rms,E_d_dd,1,0.0104820029810071
residual_rms,E_d_dd,2,0.10925322771072388
error_rms,E_d_dd,2,0.002652726136147976
residual_rms,E_d_dd,3,0.1271207183599472
error_rms,E_d_dd,3,0.001703133573755622
residual_rms,E_d_dd,4,0.08487774431705475
error_rms,E_d_dd,4,0.0013068623375147581
residual_rms,E_d_dd,5,0.3259814381599426
error_rms,E_d_dd,5,0.014059546403586864
residual_rms,E_d_dd,6,0.16180041432380676
error_rms,E_d_dd,6,0.0023832765873521566
residual_rms,E_d_dd,7,0.12710502743721008
error_rms,E_d_dd,7,0.0019522664370015264
residual_rms,E_d_dd,8,0.08494939655065536
error_rms,E_d_dd,8,0.00716598704457283
residual_rms,E_d_dd,9,0.14323216676712036
error_rms,E_d_dd,9,0.006970364600419998
residual_rms,E_d_dd,10,0.15975917875766754
error_rms,E_d_dd,10,0.007301406469196081
residual_rms,E_d_dd,11,0.1447923481464386
error_rms,E_d_dd,11,0.008412324823439121
residual_rms,E_d_dd,12,0.10325244814157486
error_rms,E_d_dd,12,0.005322110373526812
residual_rms,E_d_dd,13,0.13748608529567719
error_rms,E_d_dd,13,0.006796689238399267
residual_rms,E_d_dd,14,0.1558007299900055
error_rms,E_d_dd,14,0.007382117211818695
residual_rms,E_d_dd,15,0.04639292135834694
error_rms,E_d_dd,15,0.003524212632328272
residual_rms,E_d_dd,16,0.04101303964853287
error_rms,E_d_dd,16,0.0016688493778929114
residual_rms,E_d_dd,17,0.31661975383758545
error_rms,E_d_dd,17,0.010604017414152622
residual_rms,E_d_dd,18,0.04099096357822418
error_rms,E_d_dd,18,0.0066638826392591
residual_rms,E_d_dd,19,0.1543457955121994
error_rms,E_d_dd,19,0.007787506096065044
residual_rms,E_d_dd,20,0.3103564381599426
error_rms,E_d_dd,20,0.008983965963125229
residual_rms,E_d_dd,21,0.27435216307640076
error_rms,E_d_dd,21,0.0054928092285990715
residual_rms,E_d_dd,22,0.12545065581798553
error_rms,E_d_dd,22,0.0013475974556058645
residual_rms,E_d_dd,23,0.0488082617521286
error_rms,E_d_dd,23,0.003502798732370138
residual_rms,E_d_dd,24,0.07369302958250046
error_rms,E_d_dd,24,0.006358981132507324
residual_rms,E_d_dd,25,0.08196583390235901
error_rms,E_d_dd,25,0.004018321167677641
residual_rms,E_d_dd,26,0.031181951984763145
error_rms,E_d_dd,26,0.0014778919285163283
residual_rms,E_d_dd,27,0.2603338658809662
error_rms,E_d_dd,27,0.0030621869955211878
residual_rms,E_d_dd,28,0.17928491532802582
error_rms,E_d_dd,28,0.008987466804683208
residual_rms,E_d_dd,29,0.07772188633680344
error_rms,E_d_dd,29,0.0031527704559266567
residual_rms,E_d_dd,30,0.07346774637699127
error_rms,E_d_dd,30,0.008138268254697323
residual_rms,E_d_dd,31,0.03859535977244377
error_rms,E_d_dd,31,0.0018685681279748678
residual_rms,E_d_dd,32,0.05981985107064247
error_rms,E_d_dd,32,0.0030271627474576235
residual_rms,E_d_dd,33,0.14118357002735138
error_rms,E_d_dd,33,0.002371804788708687
residual_rms,E_d_dd,34,0.2213435173034668
error_rms,E_d_dd,34,0.009885014966130257
residual_rms,E_d_dd,35,0.0937909260392189
error_rms,E_d_dd,35,0.006724719889461994
residual_rms,E_d_dd,36,0.21012653410434723
error_rms,E_d_dd,36,0.0023058762308210135
residual_rms,E_d_dd,37,0.251543253660202
error_rms,E_d_dd,37,0.0035150074400007725
residual_rms,E_d_dd,38,0.301665335893631
error_rms,E_d_dd,38,0.009144439361989498
residual_rms,E_d_dd,39,0.16555406153202057
error_rms,E_d_dd,39,0.003320790594443679
residual_rms,E_d_dd,40,0.21175013482570648
error_rms,E_d_dd,40,0.003025778103619814
residual_rms,E_d_dd,41,0.3065815269947052
error_rms,E_d_dd,41,0.008864331990480423
residual_rms,E_d_dd,42,0.0311420951038599
error_rms,E_d_dd,42,0.001562074408866465
residual_rms,E_d_dd,43,0.17724449932575226
error_rms,E_d_dd,43,0.0033004111610352993
residual_rms,E_d_dd,44,0.11903426051139832
error_rms,E_d_dd,44,0.003290665103122592
residual_rms,E_d_dd,45,0.04717571288347244
error_rms,E_d_dd,45,0.004845292307436466
residual_rms,E_d_dd,46,0.13689517974853516
error_rms,E_d_dd,46,0.010188885033130646
residual_rms,E_d_dd,47,0.33001160621643066
error_rms,E_d_dd,47,0.010112605057656765
residual_rms,E_d_dd,48,0.1355602741241455
error_rms,E_d_dd,48,0.007161294110119343
residual_rms,E_d_dd,49,0.20480839908123016
error_rms,E_d_dd,49,0.005570428445935249
residual_rms,E_d_dd,50,0.0967424139380455
error_rms,E_d_dd,50,0.0031731361523270607
residual_rms,E_d_dd,51,0.09319169074296951
error_rms,E_d_dd,51,0.0017780750058591366
residual_rms,E_d_dd,52,0.24779139459133148
error_rms,E_d_dd,52,0.006408768706023693
residual_rms,E_d_dd,53,0.18032433092594147
error_rms,E_d_dd,53,0.0014614901738241315
residual_rms,E_d_dd,54,0.1912294328212738
error_rms,E_d_dd,54,0.0016710719792172313
residual_rms,E_d_dd,55,0.052989982068538666
error_rms,E_d_dd,55,0.0025137034244835377
residual_rms,E_d_dd,56,0.06350690871477127
error_rms,E_d_dd,56,0.001930449390783906
residual_rms,E_d_dd,57,0.15325894951820374
error_rms,E_d_dd,57,0.0034114778973162174
residual_rms,E_d_dd,58,0.20380990207195282
error_rms,E_d_dd,58,0.004107174463570118
residual_rms,E_d_dd,59,0.20969873666763306
error_rms,E_d_dd,59,0.012813659384846687
residual_rms,E_d_dd,60,0.09675982594490051
error_rms,E_d_dd,60,0.005826089531183243
residual_rms,E_d_dd,61,0.2334381639957428
error_rms,E_d_dd,61,0.0027072695083916187
residual_rms,E_d_dd,62,0.22993062436580658
error_rms,E_d_dd,62,0.004807531367987394
residual_rms,E_d_dd,63,0.04883866757154465
error_rms,E_d_dd,63,0.005702209193259478
residual_rms,E_d_dd,64,0.4194601774215698
error_rms,E_d_dd,64,0.014948361553251743
residual_rms,E_d_dd,65,0.09676051139831543
error_rms,E_d_dd,65,0.0025805672630667686
residual_rms,E_d_dd,66,0.12363863736391068
error_rms,E_d_dd,66,0.0019871830008924007
residual_rms,E_d_dd,67,0.38993918895721436
error_rms,E_d_dd,67,0.014837343245744705
residual_rms,E_d_dd,68,0.33905714750289917
error_rms,E_d_dd,68,0.008633063174784184
residual_rms,E_d_dd,69,0.20609134435653687
error_rms,E_d_dd,69,0.003962309565395117
residual_rms,E_d_dd,70,0.0861397385597229
error_rms,E_d_dd,70,0.0029458212666213512
residual_rms,E_d_dd,71,0.07409416884183884
error_rms,E_d_dd,71,0.0020427685230970383
residual_rms,E_d_dd,72,0.09661900252103806
error_rms,E_d_dd,72,0.009485451504588127
residual_rms,E_d_dd,73,0.0506238229572773
error_rms,E_d_dd,73,0.0016996274935081601
residual_rms,E_d_dd,74,0.06049301475286484
error_rms,E_d_dd,74,0.001789043308235705
residual_rms,E_d_dd,75,0.20332010090351105
error_rms,E_d_dd,75,0.00876412820070982
residual_rms,E_d_dd,76,0.049357205629348755
error_rms,E_d_dd,76,0.0029697641730308533
residual_rms,E_d_dd,77,0.45158374309539795
error_rms,E_d_dd,77,0.012087622657418251
residual_rms,E_d_dd,78,0.048739418387413025
error_rms,E_d_dd,78,0.006859625689685345
residual_rms,E_d_dd,79,0.10776069015264511
error_rms,E_d_dd,79,0.0019810968078672886
residual_rms,E_d_dd,80,0.17461177706718445
error_rms,E_d_dd,80,0.004984996747225523
residual_rms,E_d_dd,81,0.28045839071273804
error_rms,E_d_dd,81,0.003448763396590948
residual_rms,E_d_dd,82,0.2820364236831665
error_rms,E_d_dd,82,0.013395593501627445
residual_rms,E_d_dd,83,0.07180823385715485
error_rms,E_d_dd,83,0.005576197057962418
residual_rms,E_d_dd,84,0.2129884958267212
error_rms,E_d_dd,84,0.005784318782389164
residual_rms,E_d_dd,85,0.08769268542528152
error_rms,E_d_dd,85,0.007519823964685202
residual_rms,E_d_dd,86,0.14725270867347717
error_rms,E_d_dd,86,0.00449385866522789
residual_rms,E_d_dd,87,0.2110302895307541
error_rms,E_d_dd,87,0.011459208093583584
residual_rms,E_d_dd,88,0.3172558844089508
error_rms,E_d_dd,88,0.013922972604632378
residual_rms,E_d_dd,89,0.05781054124236107
error_rms,E_d_dd,89,0.0016149230068549514
residual_rms,E_d_dd,90,0.3159908950328827
error_rms,E_d_dd,90,0.008789880201220512
residual_rms,E_d_dd,91,0.04852670803666115
error_rms,E_d_dd,91,0.0017963000573217869
residual_rms,E_d_dd,92,0.10016965121030807
error_rms,E_d_dd,92,0.00403594970703125
residual_rms,E_d_dd,93,0.2416238635778427
error_rms,E_d_dd,93,0.003407812677323818
residual_rms,E_d_dd,94,0.07609252631664276
error_rms,E_d_dd,94,0.003287243191152811
residual_rms,E_d_dd,95,0.04047689586877823
error_rms,E_d_dd,95,0.0017699074232950807
residual_rms,E_d_dd,96,0.09790540486574173
error_rms,E_d_dd,96,0.001787372282706201
residual_rms,E_d_dd,97,0.05674566328525543
error_rms,E_d_dd,97,0.006104885134845972
residual_rms,E_d_dd,98,0.31953883171081543
error_rms,E_d_dd,98,0.012376283295452595
residual_rms,E_d_dd,99,0.07350360602140427
error_rms,E_d_dd,99,0.008175233379006386
residual_rms,E_q_dd,0,0.07978001981973648
error_rms,E_q_dd,0,0.005144251510500908
residual_rms,E_q_dd,1,0.05226105451583862
error_rms,E_q_dd,1,0.0030978573486208916
residual_rms,E_q_dd,2,0.06169891729950905
error_rms,E_q_dd,2,0.00416070269420743
residual_rms,E_q_dd,3,0.0650329440832138
error_rms,E_q_dd,3,0.0037837468553334475
residual_rms,E_q_dd,4,0.053452976047992706
error_rms,E_q_dd,4,0.006014942191541195
residual_rms,E_q_dd,5,0.05497587099671364
error_rms,E_q_dd,5,0.001986149698495865
residual_rms,E_q_dd,6,0.07837704569101334
error_rms,E_q_dd,6,0.0035061421804130077
residual_rms,E_q_dd,7,0.07911837100982666
error_rms,E_q_dd,7,0.0033514571841806173
residual_rms,E_q_dd,8,0.0950828343629837
error_rms,E_q_dd,8,0.004226164426654577
residual_rms,E_q_dd,9,0.06274530291557312
error_rms,E_q_dd,9,0.0052636596374213696
residual_rms,E_q_dd,10,0.061000388115644455
error_rms,E_q_dd,10,0.003000764176249504
residual_rms,E_q_dd,11,0.05923842266201973
error_rms,E_q_dd,11,0.003045534947887063
residual_rms,E_q_dd,12,0.06037169322371483
error_rms,E_q_dd,12,0.0032654982060194016
residual_rms,E_q_dd,13,0.06711180508136749
error_rms,E_q_dd,13,0.002725217491388321
residual_rms,E_q_dd,14,0.06873136013746262
error_rms,E_q_dd,14,0.004791631828993559
residual_rms,E_q_dd,15,0.060340188443660736
error_rms,E_q_dd,15,0.005644283723086119
residual_rms,E_q_dd,16,0.08211315423250198
error_rms,E_q_dd,16,0.0031320236157625914
residual_rms,E_q_dd,17,0.05369638651609421
error_rms,E_q_dd,17,0.0026812783908098936
residual_rms,E_q_dd,18,0.07350480556488037
error_rms,E_q_dd,18,0.005918925162404776
residual_rms,E_q_dd,19,0.08238249272108078
error_rms,E_q_dd,19,0.0041992440819740295
residual_rms,E_q_dd,20,0.05058509483933449
error_rms,E_q_dd,20,0.003471082542091608
residual_rms,E_q_dd,21,0.0737406313419342
error_rms,E_q_dd,21,0.002988930093124509
residual_rms,E_q_dd,22,0.06305155903100967
error_rms,E_q_dd,22,0.004216701723635197
residual_rms,E_q_dd,23,0.09284580498933792
error_rms,E_q_dd,23,0.003661996452137828
residual_rms,E_q_dd,24,0.06533925235271454
error_rms,E_q_dd,24,0.005738509353250265
residual_rms,E_q_dd,25,0.06260714679956436
error_rms,E_q_dd,25,0.0033772436436265707
residual_rms,E_q_dd,26,0.0705096647143364
error_rms,E_q_dd,26,0.003874985734000802
residual_rms,E_q_dd,27,0.05847436189651489
error_rms,E_q_dd,27,0.004326983354985714
residual_rms,E_q_dd,28,0.08986056596040726
error_rms,E_q_dd,28,0.003930645529180765
residual_rms,E_q_dd,29,0.08805564045906067
error_rms,E_q_dd,29,0.004039074759930372
residual_rms,E_q_dd,30,0.09119575470685959
error_rms,E_q_dd,30,0.005146335810422897
residual_rms,E_q_dd,31,0.08429335802793503
error_rms,E_q_dd,31,0.003006760962307453
residual_rms,E_q_dd,32,0.06695230305194855
error_rms,E_q_dd,32,0.0034780255518853664
residual_rms,E_q_dd,33,0.07241470366716385
error_rms,E_q_dd,33,0.0039535267278552055
residual_rms,E_q_dd,34,0.08158856630325317
error_rms,E_q_dd,34,0.004016377963125706
residual_rms,E_q_dd,35,0.08284247666597366
error_rms,E_q_dd,35,0.005321236327290535
residual_rms,E_q_dd,36,0.06261560320854187
error_rms,E_q_dd,36,0.004958930425345898
residual_rms,E_q_dd,37,0.06805922091007233
error_rms,E_q_dd,37,0.004731458146125078
residual_rms,E_q_dd,38,0.07382459193468094
error_rms,E_q_dd,38,0.003354481654241681
residual_rms,E_q_dd,39,0.06339877098798752
error_rms,E_q_dd,39,0.0036608062218874693
residual_rms,E_q_dd,40,0.0583571195602417
error_rms,E_q_dd,40,0.00524090975522995
residual_rms,E_q_dd,41,0.053151313215494156
error_rms,E_q_dd,41,0.003889510640874505
residual_rms,E_q_dd,42,0.06791506707668304
error_rms,E_q_dd,42,0.003984917886555195
residual_rms,E_q_dd,43,0.07811453193426132
error_rms,E_q_dd,43,0.004475715570151806
residual_rms,E_q_dd,44,0.057903073728084564
error_rms,E_q_dd,44,0.004850625991821289
residual_rms,E_q_dd,45,0.08592246472835541
error_rms,E_q_dd,45,0.004500075243413448
residual_rms,E_q_dd,46,0.061249736696481705
error_rms,E_q_dd,46,0.0026301878970116377
residual_rms,E_q_dd,47,0.05058000236749649
error_rms,E_q_dd,47,0.003031025407835841
residual_rms,E_q_dd,48,0.05525386333465576
error_rms,E_q_dd,48,0.003693693084642291
residual_rms,E_q_dd,49,0.058736152946949005
error_rms,E_q_dd,49,0.003138311905786395
residual_rms,E_q_dd,50,0.06315924227237701
error_rms,E_q_dd,50,0.0036124836187809706
residual_rms,E_q_dd,51,0.06338784098625183
error_rms,E_q_dd,51,0.0038147226441651583
residual_rms,E_q_dd,52,0.07270632684230804
error_rms,E_q_dd,52,0.003516098950058222
residual_rms,E_q_dd,53,0.0606912299990654
error_rms,E_q_dd,53,0.003983529284596443
residual_rms,E_q_dd,54,0.059762150049209595
error_rms,E_q_dd,54,0.005801646504551172
residual_rms,E_q_dd,55,0.06550414115190506
error_rms,E_q_dd,55,0.004588032141327858
residual_rms,E_q_dd,56,0.06312215328216553
error_rms,E_q_dd,56,0.003991679288446903
residual_rms,E_q_dd,57,0.06456219404935837
error_rms,E_q_dd,57,0.003941855393350124
residual_rms,E_q_dd,58,0.07075656205415726
error_rms,E_q_dd,58,0.0029308064840734005
residual_rms,E_q_dd,59,0.0604935958981514
error_rms,E_q_dd,59,0.0025573179591447115
residual_rms,E_q_dd,60,0.06958062946796417
error_rms,E_q_dd,60,0.003075874177739024
residual_rms,E_q_dd,61,0.06290449947118759
error_rms,E_q_dd,61,0.0051616462878882885
residual_rms,E_q_dd,62,0.06547041237354279
error_rms,E_q_dd,62,0.0029674156103283167
residual_rms,E_q_dd,63,0.06985147297382355
error_rms,E_q_dd,63,0.005402551963925362
residual_rms,E_q_dd,64,0.055833421647548676
error_rms,E_q_dd,64,0.0017089181346818805
residual_rms,E_q_dd,65,0.0864485427737236
error_rms,E_q_dd,65,0.0036059755366295576
residual_rms,E_q_dd,66,0.08248718082904816
error_rms,E_q_dd,66,0.003416588995605707
residual_rms,E_q_dd,67,0.05451633036136627
error_rms,E_q_dd,67,0.0017805825918912888
residual_rms,E_q_dd,68,0.05277714878320694
error_rms,E_q_dd,68,0.003343996126204729
residual_rms,E_q_dd,69,0.06606027483940125
error_rms,E_q_dd,69,0.0033771516755223274
residual_rms,E_q_dd,70,0.09192096441984177
error_rms,E_q_dd,70,0.0027683661319315434
residual_rms,E_q_dd,71,0.05328572168946266
error_rms,E_q_dd,71,0.005736223887652159
residual_rms,E_q_dd,72,0.06422978639602661
error_rms,E_q_dd,72,0.0027441575657576323
residual_rms,E_q_dd,73,0.06366186589002609
error_rms,E_q_dd,73,0.004126289393752813
residual_rms,E_q_dd,74,0.06006307899951935
error_rms,E_q_dd,74,0.004326381254941225
residual_rms,E_q_dd,75,0.061164490878582
error_rms,E_q_dd,75,0.002949703251942992
residual_rms,E_q_dd,76,0.0690469890832901
error_rms,E_q_dd,76,0.004534255713224411
residual_rms,E_q_dd,77,0.053823258727788925
error_rms,E_q_dd,77,0.0018260242650285363
residual_rms,E_q_dd,78,0.07760296761989594
error_rms,E_q_dd,78,0.0058513605035841465
residual_rms,E_q_dd,79,0.07825633883476257
error_rms,E_q_dd,79,0.0034095272421836853
residual_rms,E_q_dd,80,0.05834706872701645
error_rms,E_q_dd,80,0.0038542316760867834
residual_rms,E_q_dd,81,0.05464530363678932
error_rms,E_q_dd,81,0.0053127724677324295
residual_rms,E_q_dd,82,0.09651336073875427
error_rms,E_q_dd,82,0.0036202147603034973
residual_rms,E_q_dd,83,0.08746489137411118
error_rms,E_q_dd,83,0.00492846267297864
residual_rms,E_q_dd,84,0.08190617710351944
error_rms,E_q_dd,84,0.0032190270721912384
residual_rms,E_q_dd,85,0.07799705862998962
error_rms,E_q_dd,85,0.005240761209279299
residual_rms,E_q_dd,86,0.054562781006097794
error_rms,E_q_dd,86,0.004478425718843937
residual_rms,E_q_dd,87,0.10409799218177795
error_rms,E_q_dd,87,0.00361916096881032
residual_rms,E_q_dd,88,0.06028931587934494
error_rms,E_q_dd,88,0.002874420490115881
residual_rms,E_q_dd,89,0.053652554750442505
error_rms,E_q_dd,89,0.005757518578320742
residual_rms,E_q_dd,90,0.05676120147109032
error_rms,E_q_dd,90,0.0024709892459213734
residual_rms,E_q_dd,91,0.08183519542217255
error_rms,E_q_dd,91,0.003060309449210763
residual_rms,E_q_dd,92,0.08887965977191925
error_rms,E_q_dd,92,0.004266656469553709
residual_rms,E_q_dd,93,0.05785229429602623
error_rms,E_q_dd,93,0.0047321622259914875
residual_rms,E_q_dd,94,0.08773835748434067
error_rms,E_q_dd,94,0.003743500914424658
residual_rms,E_q_dd,95,0.06992344558238983
error_rms,E_q_dd,95,0.0038730178494006395
residual_rms,E_q_dd,96,0.06289959698915482
error_rms,E_q_dd,96,0.0036310781724750996
residual_rms,E_q_dd,97,0.0697234496474266
error_rms,E_q_dd,97,0.005739067681133747
residual_rms,E_q_dd,98,0.0523151271045208
error_rms,E_q_dd,98,0.002292282646521926
residual_rms,E_q_dd,99,0.06364692747592926
error_rms,E_q_dd,99,0.0028074183501303196
